participant,sample,cohort,age,sex,height_fear,sticsa_pre,sticsa_post,anxiety_overall,concern_safety,body_intensity,body_sensations,distracting,difficult,seen_before,full_attention,input_device,attention_failed,film_coverage,buffering_s,interrupted_s,bouts_per_min,longest_gap_s,rejected_on_prolific,in_rejection_set,registered_exclusion,sticsa_post_item01,sticsa_post_item02,sticsa_post_item06,sticsa_post_item07,sticsa_post_item08,sticsa_post_item12,sticsa_post_item14,sticsa_post_item15,sticsa_post_item18,sticsa_post_item20,sticsa_post_item21,sticsa_pre_item01,sticsa_pre_item02,sticsa_pre_item06,sticsa_pre_item07,sticsa_pre_item08,sticsa_pre_item12,sticsa_pre_item14,sticsa_pre_item15,sticsa_pre_item18,sticsa_pre_item20,sticsa_pre_item21
P001,confirmatory,cohort 2,39.0,Female,5,11.0,13.0,5.0,6.0,2.0,Butterflies or a sinking feeling in the stomach; Dizziness or a sense of vertigo,4.0,2.0,No,Yes,Trackpad / touchpad,0,1.0,0.0,0.0,1.41,112.7,False,False,,1,1,2,1,1,1,1,1,1,2,1,1,1,1,1,1,1,1,1,1,1,1
P002,confirmatory,cohort 4,46.0,Male,3,11.0,17.0,6.0,7.0,6.0,Tingling in the feet or legs; Racing or pounding heart; Butterflies or a sinking feeling in the stomach; Muscle tension or gripping,1.0,3.0,No,Yes,Mouse,0,1.0,0.0,0.0,3.79,25.3,False,False,,3,2,1,1,2,1,1,2,1,2,1,1,1,1,1,1,1,1,1,1,1,1
P003,exploratory,cohort 1,28.0,Female,4,12.0,20.0,5.0,6.0,4.0,Racing or pounding heart; Butterflies or a sinking feeling in the stomach; Holding my breath or faster breathing,4.0,3.0,No,Yes,Mouse,0,1.0,0.0,0.0,8.1,24.8,False,False,,2,3,2,2,2,1,2,1,2,2,1,1,1,1,2,1,1,1,1,1,1,1
P004,exploratory,pilot,57.0,Female,1,11.0,36.0,7.0,7.0,3.0,Racing or pounding heart; Muscle tension or gripping; Holding my breath or faster breathing; Dizziness or a sense of vertigo,1.0,3.0,No,Yes,Trackpad / touchpad,0,1.0,0.0,0.0,0.89,167.3,False,False,,3,4,4,3,3,2,3,4,4,2,4,1,1,1,1,1,1,1,1,1,1,1
P005,confirmatory,cohort 2,47.0,Female,1,13.0,13.0,4.0,5.0,4.0,Racing or pounding heart; Muscle tension or gripping,4.0,2.0,No,Yes,Mouse,0,1.0,0.0,0.0,3.27,48.6,False,False,,2,2,1,1,1,1,1,1,1,1,1,1,3,1,1,1,1,1,1,1,1,1
P006,confirmatory,cohort 4,41.0,Male,3,11.0,28.0,7.0,7.0,6.0,Butterflies or a sinking feeling in the stomach,4.0,1.0,No,Yes,Mouse,0,1.0,0.0,0.0,0.82,380.4,False,False,,3,3,3,2,3,2,2,2,2,4,2,1,1,1,1,1,1,1,1,1,1,1
P007,exploratory,cohort 1,35.0,Male,3,11.0,11.0,3.0,5.0,3.0,None of these,4.0,3.0,No,Yes,Mouse,0,1.0,0.0,0.0,1.49,111.0,False,False,,1,1,1,1,1,1,1,1,1,1,1,1,1,1,1,1,1,1,1,1,1,1
P008,confirmatory,cohort 4,76.0,Female,3,12.0,22.0,6.0,7.0,5.0,Racing or pounding heart; Muscle tension or gripping,1.0,1.0,No,Yes,Mouse,0,1.0,0.0,0.0,6.54,17.6,False,False,,2,4,1,1,3,1,1,3,3,2,1,1,1,1,1,1,1,1,1,1,2,1
P009,confirmatory,cohort 2,52.0,Female,6,11.0,12.0,5.0,7.0,3.0,Racing or pounding heart,1.0,1.0,No,Yes,Mouse,0,1.0,0.0,0.0,1.56,206.3,False,False,,2,1,1,1,1,1,1,1,1,1,1,1,1,1,1,1,1,1,1,1,1,1
P010,confirmatory,cohort 2,27.0,Male,4,11.0,15.0,4.0,6.0,3.0,Racing or pounding heart; Butterflies or a sinking feeling in the stomach; Holding my breath or faster breathing,3.0,2.0,No,Yes,Trackpad / touchpad,0,1.0,0.0,0.0,1.78,116.3,False,False,,2,1,1,1,1,2,1,2,1,2,1,1,1,1,1,1,1,1,1,1,1,1
P011,confirmatory,cohort 2,31.0,Male,6,18.0,18.0,6.0,7.0,6.0,Racing or pounding heart; Muscle tension or gripping; Dizziness or a sense of vertigo,5.0,2.0,No,Yes,Mouse,0,1.0,0.0,0.0,4.01,33.2,False,False,,4,2,1,2,1,1,2,2,1,1,1,3,3,1,2,1,1,2,2,1,1,1
P012,confirmatory,cohort 3,38.0,Female,6,14.0,18.0,6.0,5.0,5.0,Sweaty or tingling palms; Racing or pounding heart; Butterflies or a sinking feeling in the stomach; Holding my breath or faster breathing; Dizziness or a sense of vertigo,4.0,1.0,No,Yes,Trackpad / touchpad,0,1.0,0.0,0.0,3.87,36.4,False,False,,2,2,2,2,1,1,2,1,1,2,2,1,2,1,2,1,1,2,1,1,1,1
P013,confirmatory,cohort 3,35.0,Male,3,12.0,11.0,2.0,4.0,2.0,Racing or pounding heart,3.0,1.0,No,Yes,Mouse,0,1.0,0.0,0.0,5.65,23.0,False,False,,1,1,1,1,1,1,1,1,1,1,1,1,1,2,1,1,1,1,1,1,1,1
P014,exploratory,cohort 1,32.0,Female,5,11.0,16.0,5.0,6.0,4.0,Racing or pounding heart; Butterflies or a sinking feeling in the stomach,4.0,3.0,No,Yes,Trackpad / touchpad,0,1.0,0.0,0.0,6.17,35.7,False,False,,2,2,3,1,1,1,1,1,1,2,1,1,1,1,1,1,1,1,1,1,1,1
P015,confirmatory,cohort 2,48.0,Female,1,11.0,13.0,5.0,5.0,5.0,Racing or pounding heart,1.0,1.0,No,Yes,Trackpad / touchpad,0,1.0,0.0,0.0,6.47,17.9,False,False,,2,2,1,1,1,1,1,1,1,1,1,1,1,1,1,1,1,1,1,1,1,1
P016,confirmatory,cohort 4,27.0,Male,3,11.0,12.0,4.0,7.0,1.0,Butterflies or a sinking feeling in the stomach,2.0,1.0,No,Yes,Mouse,0,1.0,0.0,0.0,1.71,142.7,False,False,,1,1,1,1,1,1,1,1,1,2,1,1,1,1,1,1,1,1,1,1,1,1
P017,confirmatory,cohort 3,23.0,Male,5,18.0,23.0,5.0,6.0,3.0,Racing or pounding heart; Butterflies or a sinking feeling in the stomach; Dizziness or a sense of vertigo,5.0,2.0,No,Yes,Mouse,0,1.0,0.0,0.0,4.09,79.9,False,False,,2,2,3,2,2,2,1,3,2,2,2,2,2,2,1,1,2,1,2,1,2,2
P018,confirmatory,cohort 2,33.0,Female,4,11.0,18.0,7.0,7.0,5.0,Sweaty or tingling palms; Racing or pounding heart; Butterflies or a sinking feeling in the stomach; Holding my breath or faster breathing,1.0,1.0,No,Yes,Mouse,0,1.0,0.0,0.0,6.02,13.8,False,False,,3,3,1,1,2,1,1,1,2,2,1,1,1,1,1,1,1,1,1,1,1,1
P019,confirmatory,cohort 4,30.0,Female,5,14.0,18.0,6.0,7.0,6.0,Sweaty or tingling palms; Tingling in the feet or legs; Racing or pounding heart; Holding my breath or faster breathing,3.0,1.0,No,Yes,Mouse,0,1.0,0.0,389.3,1.41,111.6,False,False,disrupted viewing,4,3,1,2,1,1,1,1,2,1,1,1,1,2,2,1,1,1,1,1,1,2
P020,exploratory,pilot,37.0,Female,5,11.0,28.0,7.0,7.0,7.0,Racing or pounding heart; Butterflies or a sinking feeling in the stomach; Holding my breath or faster breathing,3.0,1.0,No,Yes,Mouse,0,1.0,0.0,0.0,5.87,131.4,False,False,,4,3,1,2,3,2,2,2,3,4,2,1,1,1,1,1,1,1,1,1,1,1
P021,confirmatory,cohort 4,25.0,Female,3,14.0,44.0,7.0,7.0,7.0,Racing or pounding heart; Holding my breath or faster breathing; Dizziness or a sense of vertigo,1.0,1.0,No,Yes,Trackpad / touchpad,0,1.0,0.0,10.2,0.82,326.8,False,False,,4,4,4,4,4,4,4,4,4,4,4,1,1,2,2,1,1,1,2,1,1,1
P022,confirmatory,cohort 4,26.0,Female,4,12.0,20.0,6.0,7.0,6.0,Racing or pounding heart; Muscle tension or gripping; Holding my breath or faster breathing,2.0,1.0,No,Yes,Mouse,0,1.0,0.0,0.0,5.06,52.6,False,False,,3,2,1,1,2,2,3,1,2,2,1,1,1,1,1,1,1,2,1,1,1,1
P023,confirmatory,cohort 4,41.0,Female,3,13.0,18.0,4.0,6.0,4.0,Sweaty or tingling palms; Muscle tension or gripping; Holding my breath or faster breathing,3.0,1.0,No,Yes,Mouse,0,1.0,0.0,0.0,5.06,61.8,False,False,,3,2,1,1,2,1,2,1,1,1,3,2,1,1,1,1,1,1,1,1,1,2
P024,confirmatory,cohort 4,47.0,Female,5,11.0,19.0,5.0,5.0,5.0,Racing or pounding heart; Butterflies or a sinking feeling in the stomach; Dizziness or a sense of vertigo,2.0,1.0,No,Yes,Trackpad / touchpad,0,1.0,0.0,0.0,2.3,68.6,False,False,,3,2,2,1,2,1,1,2,2,2,1,1,1,1,1,1,1,1,1,1,1,1
P025,confirmatory,cohort 4,38.0,Female,4,14.0,33.0,7.0,7.0,7.0,Racing or pounding heart; Butterflies or a sinking feeling in the stomach; Holding my breath or faster breathing; Dizziness or a sense of vertigo,1.0,1.0,No,Yes,Mouse,0,0.985,1794.9,0.0,2.01,211.9,False,False,disrupted viewing,4,4,2,1,1,4,4,3,3,4,3,2,2,1,1,1,1,1,1,1,1,2
P026,confirmatory,cohort 4,43.0,Male,2,11.0,13.0,5.0,5.0,2.0,Dizziness or a sense of vertigo,5.0,4.0,Not sure,Yes,Mouse,0,1.0,0.0,0.0,6.32,54.6,False,False,,1,2,2,1,1,1,1,1,1,1,1,1,1,1,1,1,1,1,1,1,1,1
P027,confirmatory,cohort 4,40.0,Male,4,12.0,13.0,5.0,2.0,2.0,Sweaty or tingling palms,5.0,2.0,No,Yes,Mouse,0,1.0,0.0,0.0,4.01,44.2,False,False,,1,1,1,1,1,1,1,1,1,1,3,1,1,1,1,1,1,1,1,1,1,2
P028,confirmatory,cohort 4,37.0,Male,4,12.0,14.0,5.0,7.0,4.0,Racing or pounding heart; Holding my breath or faster breathing,1.0,1.0,No,Yes,Trackpad / touchpad,0,1.0,0.0,0.0,2.45,88.7,False,False,,2,2,1,1,1,1,1,1,2,1,1,2,1,1,1,1,1,1,1,1,1,1
P029,confirmatory,cohort 3,57.0,Male,5,13.0,14.0,5.0,7.0,3.0,Racing or pounding heart; Muscle tension or gripping,2.0,1.0,No,Yes,Trackpad / touchpad,0,1.0,0.0,0.0,7.29,23.5,False,False,,2,2,1,1,1,1,1,2,1,1,1,1,2,1,1,1,1,1,2,1,1,1
P030,confirmatory,cohort 4,27.0,Female,1,17.0,15.0,3.0,6.0,3.0,Racing or pounding heart; Muscle tension or gripping,5.0,2.0,No,No,Trackpad / touchpad,0,1.0,0.0,0.0,1.34,369.6,False,False,,1,1,1,1,2,2,2,1,1,2,1,2,3,1,1,2,2,2,1,1,1,1
P031,exploratory,cohort 1,34.0,Female,5,11.0,16.0,6.0,6.0,5.0,Racing or pounding heart; Butterflies or a sinking feeling in the stomach; Holding my breath or faster breathing; Dizziness or a sense of vertigo,4.0,2.0,No,Yes,Mouse,0,1.0,0.0,0.0,2.97,58.1,False,False,,3,2,2,1,1,1,1,2,1,1,1,1,1,1,1,1,1,1,1,1,1,1
P032,exploratory,cohort 1,60.0,Male,4,11.0,16.0,5.0,6.0,5.0,Sweaty or tingling palms; Racing or pounding heart; Butterflies or a sinking feeling in the stomach,3.0,2.0,No,Yes,Mouse,0,1.0,0.0,0.0,6.17,25.5,False,False,,2,2,2,1,1,1,1,1,1,2,2,1,1,1,1,1,1,1,1,1,1,1
P033,confirmatory,cohort 4,33.0,Male,5,12.0,15.0,4.0,7.0,4.0,Butterflies or a sinking feeling in the stomach; Dizziness or a sense of vertigo,3.0,2.0,No,Yes,Trackpad / touchpad,0,1.0,0.0,0.0,5.5,26.6,False,False,,1,2,3,1,1,1,1,1,1,2,1,1,1,2,1,1,1,1,1,1,1,1
P034,confirmatory,cohort 3,25.0,Female,1,13.0,28.0,7.0,7.0,7.0,Racing or pounding heart; Muscle tension or gripping; Holding my breath or faster breathing,4.0,1.0,No,Yes,Trackpad / touchpad,0,1.0,0.0,0.0,3.87,93.9,False,False,,4,4,2,2,3,1,1,3,3,2,3,1,1,1,1,1,1,2,2,1,1,1
P035,confirmatory,cohort 4,36.0,Male,1,11.0,12.0,4.0,6.0,4.0,Racing or pounding heart,3.0,1.0,No,Yes,Mouse,0,1.0,0.0,0.0,5.87,34.7,False,False,,2,1,1,1,1,1,1,1,1,1,1,1,1,1,1,1,1,1,1,1,1,1
P036,confirmatory,cohort 4,27.0,Female,3,11.0,16.0,6.0,7.0,5.0,Muscle tension or gripping; Holding my breath or faster breathing; Dizziness or a sense of vertigo,1.0,1.0,No,Yes,Mouse,0,1.0,0.0,0.0,1.78,173.3,False,False,,2,2,2,2,1,1,1,2,1,1,1,1,1,1,1,1,1,1,1,1,1,1
P037,exploratory,cohort 1,26.0,Male,1,11.0,11.0,3.0,6.0,2.0,None of these,1.0,1.0,No,Yes,Mouse,0,1.0,0.0,0.0,5.13,53.7,False,False,,1,1,1,1,1,1,1,1,1,1,1,1,1,1,1,1,1,1,1,1,1,1
P038,confirmatory,cohort 3,51.0,Female,5,13.0,16.0,5.0,5.0,4.0,Butterflies or a sinking feeling in the stomach; Dizziness or a sense of vertigo,5.0,1.0,No,Yes,Mouse,0,1.0,0.1,0.0,4.16,73.1,False,False,,2,1,2,1,1,2,1,1,2,2,1,1,2,1,1,1,1,1,1,1,2,1
P039,confirmatory,cohort 3,30.0,Male,4,14.0,18.0,5.0,7.0,6.0,Butterflies or a sinking feeling in the stomach; Dizziness or a sense of vertigo,2.0,1.0,No,Mostly,Trackpad / touchpad,0,1.0,0.0,0.0,0.89,279.0,False,False,,3,2,1,1,2,1,1,2,1,2,2,1,2,1,1,1,1,1,2,1,2,1
P040,confirmatory,cohort 4,25.0,Female,2,14.0,15.0,5.0,6.0,5.0,Racing or pounding heart,3.0,2.0,No,Yes,Mouse,0,1.0,0.1,0.0,3.87,88.3,False,False,,2,1,2,1,1,1,1,2,2,1,1,1,1,2,1,1,1,2,2,1,1,1
P041,confirmatory,cohort 3,23.0,Female,6,13.0,17.0,5.0,7.0,4.0,Tingling in the feet or legs; Racing or pounding heart,4.0,1.0,No,Yes,Trackpad / touchpad,0,1.0,0.0,0.0,5.95,12.9,False,False,,3,2,2,1,2,2,1,1,1,1,1,2,1,1,1,1,1,1,1,1,2,1
P042,confirmatory,cohort 4,32.0,Female,5,11.0,13.0,5.0,6.0,5.0,None of these,3.0,5.0,No,Yes,Mouse,0,1.0,0.0,0.0,3.35,95.7,False,False,,2,1,2,1,1,1,1,1,1,1,1,1,1,1,1,1,1,1,1,1,1,1
P043,confirmatory,cohort 4,29.0,Male,2,17.0,20.0,6.0,6.0,5.0,Tingling in the feet or legs; Racing or pounding heart; Muscle tension or gripping,2.0,4.0,No,Yes,Mouse,0,1.0,0.0,0.0,4.54,49.6,False,False,erratic input,3,3,1,1,2,2,1,2,3,1,1,3,1,1,1,1,2,1,2,2,1,2
P044,exploratory,cohort 1,54.0,Female,1,13.0,18.0,5.0,6.0,5.0,Sweaty or tingling palms; Racing or pounding heart; Butterflies or a sinking feeling in the stomach; Muscle tension or gripping,2.0,2.0,No,Yes,Mouse,0,1.0,0.0,0.0,4.01,50.4,False,False,,2,2,1,1,1,1,2,2,1,3,2,1,2,1,1,1,1,2,1,1,1,1
P045,confirmatory,cohort 4,56.0,Female,5,12.0,23.0,6.0,6.0,4.0,Racing or pounding heart; Butterflies or a sinking feeling in the stomach; Dizziness or a sense of vertigo,4.0,3.0,No,Yes,Mouse,0,1.0,0.0,0.0,6.1,9.3,False,False,,3,2,4,2,2,2,2,1,2,2,1,1,1,1,1,1,1,1,1,1,2,1
P046,confirmatory,cohort 3,28.0,Female,6,11.0,22.0,6.0,7.0,5.0,Sweaty or tingling palms; Tingling in the feet or legs; Racing or pounding heart; Holding my breath or faster breathing,3.0,2.0,No,Yes,Trackpad / touchpad,0,1.0,0.0,0.0,4.16,13.0,False,False,,3,2,1,1,3,3,3,1,2,1,2,1,1,1,1,1,1,1,1,1,1,1
P047,confirmatory,cohort 4,25.0,Male,5,11.0,13.0,5.0,7.0,6.0,Sweaty or tingling palms; Tingling in the feet or legs; Dizziness or a sense of vertigo,5.0,3.0,No,Yes,Mouse,0,1.0,0.0,0.0,2.3,255.6,False,False,,2,1,1,1,1,1,1,1,1,1,2,1,1,1,1,1,1,1,1,1,1,1
P048,exploratory,pilot,26.0,Female,5,11.0,13.0,5.0,7.0,5.0,Tingling in the feet or legs; Racing or pounding heart; Butterflies or a sinking feeling in the stomach; Holding my breath or faster breathing,2.0,1.0,No,Yes,Trackpad / touchpad,0,1.0,0.0,0.0,3.12,124.2,False,False,,1,1,1,1,1,1,1,2,1,2,1,1,1,1,1,1,1,1,1,1,1,1
P049,confirmatory,cohort 4,62.0,Male,2,13.0,24.0,5.0,6.0,5.0,Racing or pounding heart; Muscle tension or gripping; Holding my breath or faster breathing; Dizziness or a sense of vertigo,5.0,1.0,No,Yes,Mouse,0,1.0,0.0,0.0,5.06,44.9,False,False,,3,2,2,1,2,3,2,4,2,2,1,2,1,1,1,1,1,1,2,1,1,1
P050,confirmatory,cohort 4,65.0,Male,5,13.0,20.0,5.0,3.0,3.0,Sweaty or tingling palms; Holding my breath or faster breathing,3.0,1.0,No,Yes,Mouse,0,1.0,0.0,0.0,6.77,9.8,False,False,,3,2,1,2,1,2,1,2,2,2,2,1,2,1,1,1,1,1,2,1,1,1
P051,confirmatory,cohort 4,25.0,Male,6,27.0,24.0,5.0,7.0,6.0,Racing or pounding heart; Muscle tension or gripping; Holding my breath or faster breathing,4.0,3.0,No,Yes,Mouse,0,1.0,0.0,0.0,2.45,14.0,False,False,,2,3,3,2,2,1,2,3,2,2,2,3,2,2,3,1,2,4,3,3,2,2
P052,confirmatory,cohort 4,30.0,Male,2,11.0,14.0,3.0,4.0,3.0,Tingling in the feet or legs,3.0,2.0,No,No,Trackpad / touchpad,0,1.0,0.0,0.0,2.45,67.9,False,False,,2,1,1,2,1,1,2,1,1,1,1,1,1,1,1,1,1,1,1,1,1,1
P053,confirmatory,cohort 4,38.0,Male,5,14.0,30.0,6.0,6.0,6.0,Racing or pounding heart; Butterflies or a sinking feeling in the stomach; Muscle tension or gripping; Dizziness or a sense of vertigo,3.0,2.0,No,Yes,Mouse,0,1.0,0.0,0.0,3.27,80.3,False,True,,4,3,2,2,3,2,2,2,3,4,3,2,2,1,1,1,1,1,1,2,1,1
P054,exploratory,cohort 1,52.0,Female,7,11.0,35.0,6.0,7.0,7.0,Sweaty or tingling palms; Tingling in the feet or legs; Muscle tension or gripping; Holding my breath or faster breathing; Dizziness or a sense of vertigo,5.0,3.0,No,Yes,Mouse,0,1.0,0.0,0.0,4.54,9.9,False,False,,4,4,3,3,3,3,3,3,3,3,3,1,1,1,1,1,1,1,1,1,1,1
P055,confirmatory,cohort 4,,,7,14.0,27.0,7.0,7.0,5.0,Sweaty or tingling palms; Tingling in the feet or legs; Racing or pounding heart; Muscle tension or gripping; Holding my breath or faster breathing,4.0,1.0,No,Yes,Mouse,0,1.0,0.0,0.0,0.3,512.1,True,True,,4,4,2,3,3,1,1,4,1,1,3,1,1,1,1,1,1,1,3,1,1,2
P056,confirmatory,cohort 2,29.0,Male,5,19.0,38.0,5.0,7.0,7.0,Sweaty or tingling palms; Racing or pounding heart; Butterflies or a sinking feeling in the stomach; Holding my breath or faster breathing; Dizziness or a sense of vertigo,4.0,1.0,No,Yes,Mouse,0,1.0,0.0,0.0,4.39,36.6,False,False,,3,4,4,2,4,4,4,4,3,3,3,3,3,1,1,1,1,2,1,2,2,2
P057,confirmatory,cohort 4,25.0,Female,1,11.0,15.0,5.0,7.0,4.0,Racing or pounding heart; Butterflies or a sinking feeling in the stomach,5.0,2.0,No,Yes,Trackpad / touchpad,0,1.0,0.0,0.0,2.83,84.5,False,False,,2,1,1,1,1,1,1,1,1,3,2,1,1,1,1,1,1,1,1,1,1,1
P058,confirmatory,cohort 4,24.0,Female,5,13.0,21.0,6.0,6.0,6.0,Racing or pounding heart; Butterflies or a sinking feeling in the stomach; Dizziness or a sense of vertigo,1.0,1.0,No,Yes,Mouse,0,1.0,0.0,0.0,2.08,157.8,False,False,,3,1,2,1,3,2,2,1,2,3,1,2,1,1,1,1,1,1,1,1,2,1
P059,confirmatory,cohort 4,27.0,Female,1,24.0,29.0,6.0,7.0,5.0,Tingling in the feet or legs; Butterflies or a sinking feeling in the stomach; Muscle tension or gripping; Holding my breath or faster breathing,4.0,2.0,Not sure,Yes,Mouse,0,1.0,0.0,0.0,2.08,91.1,False,False,,4,2,3,1,2,4,2,3,3,2,3,3,2,1,1,3,2,1,2,3,4,2
P060,confirmatory,cohort 4,27.0,Male,1,18.0,28.0,5.0,7.0,7.0,Racing or pounding heart; Muscle tension or gripping; Holding my breath or faster breathing,7.0,2.0,No,Yes,Mouse,0,1.0,0.0,0.0,1.26,142.0,False,False,,3,2,3,3,4,2,2,3,3,1,2,2,2,1,1,2,1,1,4,2,1,1
P061,confirmatory,cohort 4,43.0,Male,5,12.0,44.0,7.0,7.0,7.0,Sweaty or tingling palms; Tingling in the feet or legs; Racing or pounding heart; Butterflies or a sinking feeling in the stomach; Muscle tension or gripping; Holding my breath or faster breathing; Dizziness or a sense of vertigo,3.0,7.0,No,Yes,Mouse,0,1.0,0.0,0.0,5.95,49.8,False,False,,4,4,4,4,4,4,4,4,4,4,4,1,2,1,1,1,1,1,1,1,1,1
P062,confirmatory,cohort 2,20.0,Male,2,11.0,11.0,6.0,7.0,6.0,Tingling in the feet or legs; Racing or pounding heart,1.0,1.0,No,Yes,Mouse,0,1.0,0.0,0.0,0.82,179.9,False,False,,1,1,1,1,1,1,1,1,1,1,1,1,1,1,1,1,1,1,1,1,1,1
P063,confirmatory,cohort 4,58.0,Female,4,11.0,16.0,5.0,7.0,3.0,Butterflies or a sinking feeling in the stomach,4.0,5.0,No,Yes,Trackpad / touchpad,0,1.0,0.0,0.0,6.91,25.3,False,False,,2,2,2,1,1,2,1,1,1,2,1,1,1,1,1,1,1,1,1,1,1,1
P064,exploratory,cohort 1,22.0,Female,3,12.0,15.0,7.0,7.0,3.0,Racing or pounding heart; Muscle tension or gripping,4.0,2.0,No,Yes,Trackpad / touchpad,0,1.0,0.0,0.0,3.27,76.9,False,False,,2,2,1,1,1,2,1,2,1,1,1,1,1,1,1,1,1,1,2,1,1,1
P065,confirmatory,cohort 4,27.0,Male,1,15.0,17.0,4.0,5.0,3.0,Sweaty or tingling palms; Muscle tension or gripping,1.0,2.0,No,Yes,Mouse,0,1.0,0.0,0.0,5.35,27.3,False,False,,2,3,1,1,2,1,1,1,2,1,2,1,2,1,1,2,1,2,1,1,1,2
P066,confirmatory,cohort 4,19.0,Male,5,17.0,16.0,5.0,6.0,3.0,Racing or pounding heart; Butterflies or a sinking feeling in the stomach,2.0,5.0,No,Yes,Trackpad / touchpad,0,1.0,0.0,0.0,1.19,100.5,False,False,,2,1,1,2,1,1,2,2,1,2,1,1,1,3,2,1,1,2,2,2,1,1
P067,confirmatory,cohort 3,47.0,Female,5,12.0,18.0,7.0,7.0,6.0,Sweaty or tingling palms; Racing or pounding heart; Muscle tension or gripping; Holding my breath or faster breathing,3.0,2.0,No,Yes,Trackpad / touchpad,0,1.0,0.0,0.0,4.31,50.3,False,False,,3,3,1,1,1,2,1,1,1,1,3,1,2,1,1,1,1,1,1,1,1,1
P068,confirmatory,cohort 2,60.0,Male,4,11.0,25.0,6.0,7.0,6.0,Racing or pounding heart; Butterflies or a sinking feeling in the stomach; Dizziness or a sense of vertigo,4.0,2.0,No,Yes,Other,0,1.0,0.0,0.0,2.23,93.8,False,False,,3,3,3,2,2,2,1,1,2,3,3,1,1,1,1,1,1,1,1,1,1,1
P069,confirmatory,cohort 4,43.0,Female,4,12.0,14.0,6.0,7.0,5.0,Racing or pounding heart; Muscle tension or gripping,1.0,1.0,No,Yes,Trackpad / touchpad,0,1.0,0.0,0.0,3.2,68.8,False,False,,3,2,1,1,1,1,1,1,1,1,1,2,1,1,1,1,1,1,1,1,1,1
P070,confirmatory,cohort 4,25.0,Female,2,11.0,12.0,5.0,7.0,2.0,Dizziness or a sense of vertigo,1.0,1.0,No,Yes,Trackpad / touchpad,0,1.0,0.0,0.0,2.3,95.8,False,False,,1,1,2,1,1,1,1,1,1,1,1,1,1,1,1,1,1,1,1,1,1,1
P071,confirmatory,cohort 4,40.0,Female,3,17.0,14.0,5.0,6.0,5.0,Butterflies or a sinking feeling in the stomach; Muscle tension or gripping,1.0,2.0,No,Yes,Mouse,0,1.0,0.0,0.0,2.3,119.4,False,False,,3,2,1,1,1,1,1,1,1,1,1,4,3,1,1,1,1,1,1,2,1,1
P072,confirmatory,cohort 4,23.0,Male,1,18.0,30.0,5.0,7.0,6.0,Sweaty or tingling palms; Racing or pounding heart; Butterflies or a sinking feeling in the stomach; Muscle tension or gripping,2.0,2.0,No,Yes,Mouse,0,1.0,0.0,0.0,3.64,44.8,False,False,,3,3,2,2,3,4,3,2,2,3,3,1,2,2,1,1,3,2,2,1,1,2
P073,exploratory,cohort 1,27.0,Male,4,11.0,13.0,5.0,4.0,4.0,Racing or pounding heart,3.0,1.0,No,Yes,Mouse,0,1.0,0.0,0.0,2.01,98.9,False,False,,2,1,1,1,1,1,1,1,2,1,1,1,1,1,1,1,1,1,1,1,1,1
P074,confirmatory,cohort 4,55.0,Male,5,11.0,14.0,1.0,6.0,6.0,None of these,1.0,4.0,No,Yes,Mouse,0,1.0,0.0,0.0,5.58,38.2,False,False,,1,1,1,1,1,1,2,2,2,1,1,1,1,1,1,1,1,1,1,1,1,1
P075,confirmatory,cohort 4,30.0,Male,4,12.0,15.0,3.0,5.0,5.0,Racing or pounding heart; Holding my breath or faster breathing,2.0,1.0,No,Yes,Mouse,0,1.0,0.0,0.0,4.54,50.6,False,False,,2,2,1,1,1,1,1,2,1,2,1,1,1,1,1,1,2,1,1,1,1,1
P076,confirmatory,cohort 4,20.0,Male,1,11.0,15.0,3.0,4.0,2.0,Racing or pounding heart; Butterflies or a sinking feeling in the stomach; Muscle tension or gripping; Holding my breath or faster breathing,2.0,1.0,No,Yes,Mouse,0,1.0,0.0,0.0,3.79,42.0,False,False,free text not typed,2,2,1,1,1,1,1,1,2,2,1,1,1,1,1,1,1,1,1,1,1,1
P077,exploratory,cohort 1,19.0,Male,1,14.0,11.0,2.0,7.0,2.0,None of these,3.0,2.0,No,Mostly,Mouse,0,1.0,0.0,0.0,5.65,43.9,False,False,,1,1,1,1,1,1,1,1,1,1,1,2,1,1,1,1,1,2,2,1,1,1
P078,exploratory,cohort 1,19.0,Male,2,14.0,19.0,6.0,4.0,5.0,Racing or pounding heart; Holding my breath or faster breathing,4.0,2.0,No,Yes,Mouse,0,1.0,0.0,0.0,4.54,13.2,False,False,,3,2,1,1,2,1,1,2,3,2,1,2,1,1,1,1,1,1,2,2,1,1
P079,confirmatory,cohort 4,26.0,Female,2,25.0,39.0,6.0,7.0,7.0,Racing or pounding heart; Butterflies or a sinking feeling in the stomach; Muscle tension or gripping; Holding my breath or faster breathing,1.0,2.0,No,Yes,Trackpad / touchpad,0,1.0,0.0,0.0,1.26,252.4,False,False,,4,4,3,4,4,3,4,4,4,3,2,3,4,2,3,2,1,2,2,3,1,2
P080,confirmatory,cohort 4,20.0,Male,3,16.0,14.0,6.0,7.0,2.0,Muscle tension or gripping; Holding my breath or faster breathing,5.0,1.0,No,Yes,Trackpad / touchpad,0,1.0,0.0,0.0,4.39,52.9,False,False,,1,2,1,1,1,1,2,2,1,1,1,1,2,1,1,1,1,3,3,1,1,1
P081,confirmatory,cohort 4,,,5,24.0,31.0,7.0,7.0,5.0,Racing or pounding heart; Muscle tension or gripping; Holding my breath or faster breathing; Dizziness or a sense of vertigo,4.0,2.0,No,Yes,Trackpad / touchpad,0,1.0,0.0,2.4,1.12,250.3,True,True,,4,3,3,3,2,4,3,2,2,3,2,2,3,1,3,1,3,2,2,2,2,3
P082,confirmatory,cohort 4,21.0,Male,6,15.0,24.0,7.0,4.0,6.0,Sweaty or tingling palms; Racing or pounding heart; Holding my breath or faster breathing,3.0,4.0,No,Yes,Mouse,0,1.0,0.0,40.4,3.49,51.9,False,False,,4,3,1,1,3,2,3,2,3,1,1,1,2,1,1,3,1,1,1,1,1,2
P083,confirmatory,cohort 4,25.0,Male,2,24.0,31.0,6.0,7.0,5.0,Racing or pounding heart; Muscle tension or gripping; Holding my breath or faster breathing,3.0,1.0,No,Yes,Mouse,0,1.0,0.0,0.0,5.28,44.0,False,False,,4,3,3,2,2,3,3,4,3,2,2,2,2,2,2,2,3,2,3,2,2,2
P084,confirmatory,cohort 3,25.0,Female,2,11.0,19.0,5.0,7.0,4.0,Racing or pounding heart; Muscle tension or gripping; Holding my breath or faster breathing,1.0,1.0,No,Yes,Mouse,0,1.0,0.0,0.0,4.16,146.5,False,False,,3,2,2,1,1,1,1,2,3,2,1,1,1,1,1,1,1,1,1,1,1,1
P085,confirmatory,cohort 4,25.0,Female,1,11.0,11.0,5.0,7.0,1.0,None of these,1.0,1.0,No,Yes,Mouse,0,1.0,0.0,0.0,5.43,49.9,False,False,,1,1,1,1,1,1,1,1,1,1,1,1,1,1,1,1,1,1,1,1,1,1
P086,exploratory,cohort 1,29.0,Male,5,22.0,29.0,6.0,7.0,6.0,Sweaty or tingling palms; Tingling in the feet or legs; Racing or pounding heart; Butterflies or a sinking feeling in the stomach; Dizziness or a sense of vertigo,3.0,4.0,No,Yes,Mouse,0,1.0,186.1,0.0,2.23,95.1,False,False,disrupted viewing,3,2,3,1,3,3,2,3,3,4,2,2,2,3,2,1,2,2,2,3,2,1
P087,confirmatory,cohort 4,32.0,Male,2,18.0,25.0,5.0,6.0,6.0,Sweaty or tingling palms; Racing or pounding heart; Butterflies or a sinking feeling in the stomach; Holding my breath or faster breathing,2.0,2.0,No,Yes,Trackpad / touchpad,0,1.0,0.0,0.0,0.59,190.8,False,False,,3,3,3,2,2,3,1,2,2,2,2,3,2,1,1,1,2,1,1,2,2,2
P088,confirmatory,cohort 4,31.0,Female,3,11.0,14.0,3.0,7.0,3.0,Racing or pounding heart; Dizziness or a sense of vertigo,2.0,3.0,No,Yes,Trackpad / touchpad,0,1.0,0.0,0.0,4.61,71.4,False,False,,2,2,2,1,1,1,1,1,1,1,1,1,1,1,1,1,1,1,1,1,1,1
P089,confirmatory,cohort 4,30.0,Female,2,11.0,14.0,6.0,7.0,3.0,Racing or pounding heart; Butterflies or a sinking feeling in the stomach; Muscle tension or gripping,1.0,1.0,No,Yes,Mouse,0,1.0,0.0,0.0,2.6,124.5,False,False,,2,1,1,2,1,1,1,1,1,2,1,1,1,1,1,1,1,1,1,1,1,1
P090,confirmatory,cohort 4,32.0,Female,2,11.0,16.0,2.0,4.0,4.0,Holding my breath or faster breathing,3.0,2.0,No,Yes,Mouse,0,1.0,0.0,0.0,2.23,92.8,False,False,,2,1,2,1,1,2,1,1,2,1,2,1,1,1,1,1,1,1,1,1,1,1
P091,confirmatory,cohort 4,29.0,Female,2,17.0,25.0,5.0,5.0,5.0,Muscle tension or gripping; Holding my breath or faster breathing,4.0,3.0,Not sure,Yes,Mouse,0,1.0,0.0,0.0,0.37,434.5,False,False,,3,2,2,2,2,3,3,2,2,2,2,2,2,2,1,2,1,2,1,1,1,2
P092,confirmatory,cohort 4,23.0,Female,5,17.0,18.0,6.0,7.0,6.0,Sweaty or tingling palms; Racing or pounding heart; Butterflies or a sinking feeling in the stomach; Muscle tension or gripping,4.0,1.0,No,Yes,Trackpad / touchpad,0,1.0,0.0,0.0,1.19,107.2,False,False,,3,3,1,1,1,2,1,2,1,2,1,3,3,1,1,1,2,1,2,1,1,1
P093,confirmatory,cohort 2,24.0,Female,5,11.0,32.0,6.0,7.0,6.0,Tingling in the feet or legs; Racing or pounding heart; Butterflies or a sinking feeling in the stomach; Muscle tension or gripping; Holding my breath or faster breathing; Dizziness or a sense of vertigo,4.0,1.0,No,Yes,Trackpad / touchpad,0,1.0,0.0,0.0,1.64,190.8,False,False,,4,4,2,3,3,1,4,1,3,4,3,1,1,1,1,1,1,1,1,1,1,1
P094,exploratory,cohort 1,29.0,Female,3,11.0,28.0,6.0,7.0,6.0,Sweaty or tingling palms; Tingling in the feet or legs; Racing or pounding heart; Butterflies or a sinking feeling in the stomach; Muscle tension or gripping; Holding my breath or faster breathing; Dizziness or a sense of vertigo,1.0,1.0,No,Yes,Mouse,0,1.0,0.0,0.0,0.74,212.9,False,False,,2,2,3,3,3,3,2,1,4,3,2,1,1,1,1,1,1,1,1,1,1,1
P095,confirmatory,cohort 4,26.0,Male,5,14.0,13.0,1.0,2.0,2.0,Muscle tension or gripping,1.0,1.0,No,Yes,Mouse,0,1.0,0.0,0.0,1.93,191.9,False,False,,1,2,1,1,1,1,1,2,1,1,1,1,2,1,1,1,1,1,3,1,1,1
P096,confirmatory,cohort 4,30.0,Male,5,12.0,16.0,5.0,4.0,4.0,Tingling in the feet or legs; Racing or pounding heart; Muscle tension or gripping; Holding my breath or faster breathing; Dizziness or a sense of vertigo,2.0,1.0,No,Yes,Mouse,0,1.0,0.0,0.0,5.95,33.9,False,False,,2,3,2,1,1,1,1,2,1,1,1,1,1,1,2,1,1,1,1,1,1,1
P097,confirmatory,cohort 4,25.0,Male,2,11.0,11.0,3.0,3.0,1.0,None of these,2.0,1.0,No,Yes,Mouse,0,1.0,0.0,0.0,5.28,23.5,False,False,,1,1,1,1,1,1,1,1,1,1,1,1,1,1,1,1,1,1,1,1,1,1
P098,confirmatory,cohort 4,54.0,Female,2,13.0,17.0,6.0,6.0,3.0,Racing or pounding heart; Butterflies or a sinking feeling in the stomach; Holding my breath or faster breathing; Dizziness or a sense of vertigo,2.0,3.0,No,Yes,Trackpad / touchpad,0,1.0,0.0,0.0,4.24,20.6,False,False,,2,2,2,1,2,2,1,1,1,2,1,2,2,1,1,1,1,1,1,1,1,1
P099,confirmatory,cohort 4,,,5,11.0,11.0,5.0,6.0,3.0,None of these,3.0,2.0,No,Yes,Mouse,0,1.0,0.0,0.0,1.19,186.2,True,True,,1,1,1,1,1,1,1,1,1,1,1,1,1,1,1,1,1,1,1,1,1,1
P100,confirmatory,cohort 3,25.0,Female,1,13.0,17.0,6.0,6.0,4.0,Holding my breath or faster breathing; Dizziness or a sense of vertigo,2.0,1.0,No,Mostly,Mouse,0,1.0,0.0,0.0,0.37,640.5,False,False,,2,3,1,1,1,2,1,2,2,1,1,1,1,1,1,1,1,1,3,1,1,1
P101,confirmatory,cohort 4,29.0,Male,6,11.0,29.0,6.0,7.0,7.0,Sweaty or tingling palms; Racing or pounding heart; Muscle tension or gripping; Dizziness or a sense of vertigo,2.0,1.0,No,Yes,Mouse,0,1.0,0.0,0.0,4.31,9.8,False,False,,4,4,4,3,3,1,3,1,2,1,3,1,1,1,1,1,1,1,1,1,1,1
P102,confirmatory,cohort 3,18.0,Female,2,15.0,17.0,4.0,7.0,2.0,Tingling in the feet or legs; Racing or pounding heart; Muscle tension or gripping,1.0,3.0,Not sure,No,Trackpad / touchpad,0,1.0,0.0,0.0,4.09,41.3,False,False,,2,1,1,1,1,1,2,2,2,3,1,1,1,1,2,1,1,1,2,1,3,1
P103,confirmatory,cohort 4,27.0,Female,3,17.0,30.0,5.0,2.0,5.0,Holding my breath or faster breathing; Dizziness or a sense of vertigo,5.0,6.0,No,Yes,Mouse,0,1.0,0.0,0.0,1.64,128.4,False,False,,3,2,3,1,4,2,3,3,3,3,3,2,1,1,2,2,2,1,3,1,1,1
P104,confirmatory,cohort 3,23.0,Male,2,17.0,18.0,4.0,5.0,3.0,Muscle tension or gripping; Holding my breath or faster breathing,2.0,1.0,No,Yes,Mouse,0,1.0,0.0,0.0,1.78,82.3,False,False,,2,1,2,1,2,2,1,3,1,2,1,1,1,2,1,1,2,3,3,1,1,1
P105,exploratory,cohort 1,31.0,Female,5,16.0,30.0,7.0,7.0,7.0,Racing or pounding heart; Holding my breath or faster breathing,2.0,5.0,No,Yes,Mouse,0,1.0,0.0,0.0,1.12,170.9,False,False,,4,3,3,4,3,1,3,1,4,1,3,1,2,2,2,2,1,2,1,1,1,1
P106,confirmatory,cohort 2,59.0,Female,5,13.0,17.0,2.0,7.0,2.0,None of these,4.0,2.0,No,Yes,Mouse,1,1.0,0.0,0.0,6.84,20.9,False,False,,2,2,4,1,1,2,1,1,1,1,1,1,2,1,1,1,1,1,1,1,2,1
P107,confirmatory,cohort 4,23.0,Male,1,11.0,20.0,5.0,7.0,5.0,Racing or pounding heart; Holding my breath or faster breathing,1.0,2.0,No,Yes,Mouse,0,1.0,0.0,0.0,5.8,29.8,False,False,,3,3,1,2,2,2,1,1,2,2,1,1,1,1,1,1,1,1,1,1,1,1
P108,confirmatory,cohort 4,33.0,Female,2,16.0,25.0,6.0,6.0,6.0,Sweaty or tingling palms; Racing or pounding heart; Butterflies or a sinking feeling in the stomach; Holding my breath or faster breathing; Dizziness or a sense of vertigo,2.0,2.0,No,Yes,Mouse,0,1.0,0.0,0.0,0.52,191.2,False,False,,3,3,3,2,2,2,1,2,3,2,2,3,2,1,1,1,1,1,1,2,2,1
P109,confirmatory,cohort 3,25.0,Male,6,20.0,33.0,5.0,7.0,6.0,Muscle tension or gripping,2.0,4.0,No,Yes,Trackpad / touchpad,0,1.0,0.0,0.0,1.64,77.1,False,False,,4,4,3,3,3,3,4,3,3,1,2,2,2,3,2,2,1,2,2,1,1,2
P110,confirmatory,cohort 4,36.0,Female,6,11.0,22.0,7.0,7.0,6.0,Racing or pounding heart; Holding my breath or faster breathing; Dizziness or a sense of vertigo,2.0,1.0,No,Yes,Mouse,0,1.0,0.0,0.0,2.3,80.7,False,False,,4,2,3,3,1,2,1,1,2,2,1,1,1,1,1,1,1,1,1,1,1,1
P111,confirmatory,cohort 3,30.0,Male,4,14.0,21.0,5.0,7.0,6.0,Muscle tension or gripping,1.0,1.0,No,Yes,Mouse,0,1.0,0.0,0.0,1.86,107.5,False,False,,1,3,1,3,3,1,3,1,1,1,3,1,2,1,2,1,1,1,1,1,1,2
P112,confirmatory,cohort 3,30.0,Male,1,14.0,15.0,4.0,7.0,6.0,Racing or pounding heart; Holding my breath or faster breathing,2.0,1.0,No,Yes,Mouse,0,1.0,0.0,0.0,5.28,34.4,False,False,,2,1,2,1,1,2,1,1,2,1,1,2,2,1,1,1,1,1,1,1,1,2
P113,confirmatory,cohort 4,31.0,Male,6,15.0,26.0,7.0,6.0,6.0,Sweaty or tingling palms; Racing or pounding heart; Muscle tension or gripping; Holding my breath or faster breathing,5.0,5.0,No,Yes,Mouse,0,1.0,0.0,0.0,2.75,78.2,False,False,,4,3,2,2,2,3,3,2,3,1,1,2,2,1,1,1,2,1,1,2,1,1
P114,confirmatory,cohort 4,41.0,Male,5,13.0,13.0,5.0,6.0,3.0,Racing or pounding heart; Butterflies or a sinking feeling in the stomach; Dizziness or a sense of vertigo,2.0,2.0,No,Yes,Mouse,0,1.0,0.0,0.0,3.42,83.9,False,False,,2,2,1,1,1,1,1,1,1,1,1,1,1,2,2,1,1,1,1,1,1,1
P115,confirmatory,cohort 4,34.0,Female,6,14.0,27.0,6.0,6.0,6.0,Sweaty or tingling palms; Racing or pounding heart; Butterflies or a sinking feeling in the stomach; Dizziness or a sense of vertigo,5.0,2.0,No,Yes,Mouse,0,1.0,0.0,0.0,6.62,23.6,False,False,,3,3,4,2,2,2,2,2,3,2,2,2,2,1,1,1,2,1,1,1,1,1
P116,exploratory,cohort 1,37.0,Male,4,11.0,25.0,7.0,7.0,6.0,Tingling in the feet or legs; Racing or pounding heart; Muscle tension or gripping; Holding my breath or faster breathing,1.0,1.0,No,Yes,Mouse,0,1.0,0.0,15.4,1.78,269.2,False,False,erratic input,4,3,2,2,2,2,2,1,4,1,2,1,1,1,1,1,1,1,1,1,1,1
P117,confirmatory,cohort 4,19.0,Male,5,13.0,22.0,6.0,7.0,6.0,Sweaty or tingling palms; Racing or pounding heart; Butterflies or a sinking feeling in the stomach; Muscle tension or gripping; Holding my breath or faster breathing,3.0,1.0,No,Yes,Mouse,0,1.0,0.0,0.0,5.2,22.9,False,False,,2,3,1,2,2,1,1,1,2,3,4,1,2,1,1,2,1,1,1,1,1,1
P118,confirmatory,cohort 2,46.0,Male,4,12.0,23.0,5.0,6.0,5.0,Racing or pounding heart; Butterflies or a sinking feeling in the stomach; Holding my breath or faster breathing,4.0,2.0,No,Yes,Mouse,0,1.0,0.0,0.0,2.3,98.0,False,False,,3,2,1,2,2,1,2,2,3,3,2,1,2,1,1,1,1,1,1,1,1,1
P119,confirmatory,cohort 4,23.0,Male,6,17.0,19.0,5.0,5.0,5.0,Sweaty or tingling palms; Racing or pounding heart; Dizziness or a sense of vertigo,3.0,3.0,No,Yes,Trackpad / touchpad,0,1.0,0.0,0.0,4.91,36.1,False,False,,3,2,2,1,1,1,3,2,2,1,1,3,2,1,1,1,1,2,2,2,1,1
P120,confirmatory,cohort 4,25.0,Female,1,11.0,21.0,6.0,7.0,6.0,Sweaty or tingling palms; Racing or pounding heart; Muscle tension or gripping; Holding my breath or faster breathing,4.0,1.0,No,Yes,Mouse,0,1.0,0.0,0.0,5.72,29.9,False,False,,3,4,1,3,1,1,2,1,2,1,2,1,1,1,1,1,1,1,1,1,1,1
P121,confirmatory,cohort 3,27.0,Male,4,21.0,15.0,1.0,4.0,2.0,Dizziness or a sense of vertigo,4.0,1.0,No,Yes,Mouse,1,1.0,0.0,3.6,0.89,251.6,False,False,,2,1,2,2,2,1,1,1,1,1,1,2,3,2,2,2,1,2,2,2,1,2
P122,confirmatory,cohort 4,40.0,Female,5,11.0,27.0,5.0,7.0,6.0,Sweaty or tingling palms; Racing or pounding heart; Butterflies or a sinking feeling in the stomach; Muscle tension or gripping,5.0,1.0,No,Yes,Mouse,0,1.0,0.0,0.0,2.3,119.0,False,False,,3,3,2,2,2,3,2,2,2,3,3,1,1,1,1,1,1,1,1,1,1,1
P123,confirmatory,cohort 4,23.0,Male,5,11.0,25.0,6.0,7.0,6.0,Racing or pounding heart; Muscle tension or gripping; Holding my breath or faster breathing,2.0,2.0,No,Yes,Mouse,0,1.0,0.0,0.0,3.79,171.2,False,False,,4,3,1,3,3,2,2,2,3,1,1,1,1,1,1,1,1,1,1,1,1,1
P124,confirmatory,cohort 2,33.0,Male,1,11.0,20.0,4.0,7.0,5.0,Sweaty or tingling palms; Tingling in the feet or legs; Holding my breath or faster breathing,2.0,1.0,No,Yes,Trackpad / touchpad,0,1.0,0.0,0.0,5.5,40.4,False,False,,3,2,1,1,2,2,3,2,2,1,1,1,1,1,1,1,1,1,1,1,1,1
P125,exploratory,cohort 1,40.0,Female,5,11.0,25.0,6.0,7.0,5.0,Tingling in the feet or legs; Racing or pounding heart; Muscle tension or gripping; Holding my breath or faster breathing,2.0,2.0,No,Yes,Trackpad / touchpad,0,1.0,0.0,0.0,7.66,15.6,False,False,,2,2,2,2,2,2,3,3,3,2,2,1,1,1,1,1,1,1,1,1,1,1
P126,confirmatory,cohort 4,24.0,Female,6,11.0,16.0,6.0,6.0,5.0,Sweaty or tingling palms; Tingling in the feet or legs; Muscle tension or gripping,3.0,1.0,No,Yes,Trackpad / touchpad,0,1.0,0.0,0.0,1.78,314.5,False,False,,2,2,1,1,2,1,1,1,1,1,3,1,1,1,1,1,1,1,1,1,1,1
P127,exploratory,cohort 1,51.0,Female,3,17.0,12.0,1.0,7.0,1.0,Racing or pounding heart,1.0,1.0,No,Yes,Mouse,0,1.0,0.0,0.0,6.17,38.6,False,False,,1,1,1,1,1,1,1,1,2,1,1,3,2,1,1,1,1,1,1,2,3,1
P128,confirmatory,cohort 4,43.0,Female,5,15.0,24.0,6.0,7.0,5.0,Racing or pounding heart; Butterflies or a sinking feeling in the stomach; Muscle tension or gripping; Dizziness or a sense of vertigo,2.0,2.0,No,Yes,Trackpad / touchpad,0,1.0,0.0,0.0,3.2,118.5,False,False,,3,3,2,2,2,1,3,1,2,3,2,2,2,1,1,1,1,2,1,1,2,1
P129,confirmatory,cohort 4,59.0,Male,1,11.0,16.0,6.0,7.0,2.0,Muscle tension or gripping,4.0,4.0,No,Yes,Mouse,0,1.0,0.0,0.0,2.97,170.7,False,False,,2,2,1,1,2,1,1,2,1,2,1,1,1,1,1,1,1,1,1,1,1,1
P130,confirmatory,cohort 2,38.0,Female,2,13.0,22.0,6.0,7.0,4.0,Racing or pounding heart; Muscle tension or gripping; Dizziness or a sense of vertigo,3.0,2.0,No,Yes,Mouse,0,1.0,0.0,0.0,6.1,41.3,False,False,,3,3,3,3,2,1,1,1,2,1,2,1,2,2,1,1,1,1,1,1,1,1
P131,confirmatory,cohort 4,23.0,Male,5,14.0,23.0,5.0,3.0,5.0,Sweaty or tingling palms; Racing or pounding heart; Holding my breath or faster breathing,6.0,2.0,No,Yes,Trackpad / touchpad,0,1.0,0.0,0.0,3.94,16.1,False,False,,2,2,2,1,2,2,3,2,3,2,2,2,2,1,1,1,1,1,1,1,1,2
P132,confirmatory,cohort 4,23.0,Male,4,11.0,22.0,7.0,7.0,7.0,Sweaty or tingling palms; Muscle tension or gripping; Holding my breath or faster breathing,1.0,1.0,No,Yes,Trackpad / touchpad,1,1.0,0.0,0.0,3.72,93.0,False,False,,2,3,2,2,3,1,1,2,1,1,4,1,1,1,1,1,1,1,1,1,1,1
P133,exploratory,cohort 1,24.0,Male,5,14.0,19.0,5.0,6.0,4.0,Sweaty or tingling palms; Racing or pounding heart; Butterflies or a sinking feeling in the stomach; Muscle tension or gripping,2.0,2.0,No,Yes,Mouse,0,1.0,0.0,0.0,6.02,27.3,False,False,,2,3,1,1,1,2,2,2,2,2,1,1,2,1,2,1,1,1,2,1,1,1
P134,confirmatory,cohort 4,22.0,Female,6,27.0,31.0,7.0,7.0,7.0,Racing or pounding heart; Butterflies or a sinking feeling in the stomach; Muscle tension or gripping; Holding my breath or faster breathing; Dizziness or a sense of vertigo,6.0,5.0,No,Mostly,Trackpad / touchpad,0,1.0,0.0,0.0,0.59,299.4,False,False,,4,4,4,4,3,2,3,2,2,1,2,4,4,4,4,2,1,3,1,2,1,1
P135,confirmatory,cohort 2,31.0,Male,5,16.0,17.0,5.0,6.0,4.0,Sweaty or tingling palms; Racing or pounding heart; Butterflies or a sinking feeling in the stomach,4.0,2.0,No,Yes,Mouse,0,1.0,0.0,0.0,1.93,81.0,False,False,,2,2,1,2,1,1,1,1,2,2,2,2,2,1,1,1,1,1,1,2,2,2
P136,confirmatory,cohort 4,49.0,Male,3,13.0,16.0,2.0,4.0,3.0,Tingling in the feet or legs; Muscle tension or gripping,2.0,2.0,No,Yes,Mouse,1,1.0,0.0,0.0,3.72,224.4,False,False,,2,3,1,1,1,2,1,1,1,1,2,1,1,1,3,1,1,1,1,1,1,1
P137,confirmatory,cohort 4,70.0,Female,6,11.0,15.0,5.0,6.0,5.0,Racing or pounding heart; Muscle tension or gripping; Holding my breath or faster breathing,3.0,1.0,No,Yes,Trackpad / touchpad,0,1.0,0.0,0.0,3.72,57.7,False,False,,2,2,1,1,1,1,2,2,1,1,1,1,1,1,1,1,1,1,1,1,1,1
P138,exploratory,cohort 1,32.0,Male,2,13.0,18.0,5.0,5.0,4.0,Racing or pounding heart,3.0,3.0,No,Yes,Trackpad / touchpad,0,1.0,0.0,8.0,0.97,5.5,False,False,,3,2,1,1,2,1,1,2,2,1,2,1,1,1,1,1,1,1,2,1,1,2
P139,confirmatory,cohort 2,46.0,Female,4,11.0,21.0,7.0,7.0,7.0,Racing or pounding heart; Muscle tension or gripping; Holding my breath or faster breathing,1.0,1.0,No,Yes,Mouse,0,1.0,0.0,373.9,5.58,39.6,False,False,disrupted viewing,4,3,1,1,3,1,2,2,2,1,1,1,1,1,1,1,1,1,1,1,1,1
P140,confirmatory,cohort 4,31.0,Female,3,11.0,12.0,4.0,5.0,1.0,Muscle tension or gripping,2.0,1.0,No,Yes,Trackpad / touchpad,0,1.0,0.0,0.0,4.68,41.1,False,False,,1,2,1,1,1,1,1,1,1,1,1,1,1,1,1,1,1,1,1,1,1,1
P141,confirmatory,cohort 4,33.0,Female,6,13.0,19.0,6.0,7.0,5.0,Racing or pounding heart; Butterflies or a sinking feeling in the stomach; Muscle tension or gripping; Holding my breath or faster breathing,1.0,1.0,No,Yes,Trackpad / touchpad,0,1.0,0.0,0.0,5.28,39.5,False,False,,3,2,1,1,1,1,3,1,3,2,1,1,2,1,1,1,1,2,1,1,1,1
P142,confirmatory,cohort 3,44.0,Female,5,16.0,30.0,6.0,5.0,6.0,Sweaty or tingling palms; Racing or pounding heart; Butterflies or a sinking feeling in the stomach; Muscle tension or gripping; Holding my breath or faster breathing; Dizziness or a sense of vertigo,5.0,2.0,No,Yes,Mouse,0,1.0,0.0,0.0,3.05,71.3,False,False,,3,3,4,3,3,3,2,2,2,3,2,1,2,1,2,1,2,2,1,1,1,2
P143,confirmatory,cohort 4,38.0,Female,5,17.0,37.0,6.0,7.0,7.0,Sweaty or tingling palms; Tingling in the feet or legs; Racing or pounding heart; Butterflies or a sinking feeling in the stomach; Muscle tension or gripping; Holding my breath or faster breathing; Dizziness or a sense of vertigo,5.0,5.0,No,Yes,Mouse,0,1.0,0.0,0.0,5.72,25.9,False,False,,3,3,4,4,4,4,4,2,3,2,4,2,2,2,2,2,1,2,1,1,1,1
P144,confirmatory,cohort 3,20.0,Male,2,12.0,19.0,6.0,7.0,6.0,Racing or pounding heart; Holding my breath or faster breathing; Dizziness or a sense of vertigo,2.0,1.0,No,Yes,Mouse,0,1.0,0.0,0.0,2.9,89.1,False,False,,3,1,2,2,3,2,1,1,2,1,1,1,1,1,2,1,1,1,1,1,1,1
P145,confirmatory,cohort 2,25.0,Male,3,16.0,26.0,6.0,7.0,5.0,Racing or pounding heart; Holding my breath or faster breathing,1.0,3.0,No,Yes,Trackpad / touchpad,0,1.0,0.0,0.0,3.2,77.5,False,False,,3,3,3,1,2,2,2,2,3,2,3,2,3,1,1,1,2,1,1,2,1,1
P146,confirmatory,cohort 4,33.0,Male,4,17.0,18.0,3.0,1.0,2.0,None of these,2.0,1.0,No,Yes,Mouse,0,1.0,0.0,0.0,2.45,179.2,False,False,,3,2,2,2,1,1,2,1,1,1,2,3,2,2,2,1,1,2,1,1,1,1
P147,confirmatory,cohort 4,,,1,11.0,11.0,4.0,4.0,2.0,None of these,2.0,2.0,No,Yes,Mouse,0,1.0,0.0,0.0,0.37,572.9,True,True,free text not typed,1,1,1,1,1,1,1,1,1,1,1,1,1,1,1,1,1,1,1,1,1,1
P148,confirmatory,cohort 4,41.0,Female,5,11.0,30.0,5.0,7.0,6.0,Sweaty or tingling palms; Racing or pounding heart; Butterflies or a sinking feeling in the stomach; Muscle tension or gripping; Holding my breath or faster breathing,5.0,2.0,No,Yes,Mouse,0,1.0,0.0,0.0,5.5,33.5,False,False,,4,3,2,1,2,3,4,3,3,2,3,1,1,1,1,1,1,1,1,1,1,1
P149,confirmatory,cohort 4,36.0,Female,7,12.0,25.0,6.0,6.0,7.0,Racing or pounding heart; Muscle tension or gripping,3.0,1.0,No,Mostly,Mouse,0,1.0,0.0,17.0,1.19,253.9,False,False,,4,4,1,2,2,2,2,1,2,3,2,2,1,1,1,1,1,1,1,1,1,1
P150,confirmatory,cohort 4,30.0,Male,6,18.0,31.0,7.0,7.0,6.0,Sweaty or tingling palms; Racing or pounding heart; Muscle tension or gripping,5.0,6.0,No,Yes,Mouse,0,1.0,0.0,0.0,4.39,52.8,False,False,,4,2,2,3,4,2,2,3,3,2,4,2,2,1,1,1,1,2,2,1,2,3
P151,confirmatory,cohort 4,35.0,Male,4,11.0,35.0,7.0,7.0,6.0,Tingling in the feet or legs; Racing or pounding heart; Butterflies or a sinking feeling in the stomach; Holding my breath or faster breathing,4.0,1.0,No,Yes,Trackpad / touchpad,0,1.0,0.0,0.0,2.9,316.5,False,False,,4,4,2,2,2,3,3,4,4,4,3,1,1,1,1,1,1,1,1,1,1,1
P152,confirmatory,cohort 2,25.0,Male,5,12.0,28.0,7.0,7.0,5.0,Racing or pounding heart; Muscle tension or gripping; Holding my breath or faster breathing,2.0,1.0,No,Yes,Mouse,1,1.0,0.0,0.0,1.26,237.9,False,False,,4,4,2,2,3,2,3,2,3,1,2,1,1,1,1,1,1,1,2,1,1,1
P153,confirmatory,cohort 2,45.0,Female,4,11.0,26.0,5.0,7.0,5.0,Sweaty or tingling palms; Butterflies or a sinking feeling in the stomach; Holding my breath or faster breathing,3.0,1.0,No,Yes,Mouse,0,1.0,0.0,0.0,4.39,29.6,False,False,,3,2,2,2,2,3,3,2,2,2,3,1,1,1,1,1,1,1,1,1,1,1
