rank,item,label,n,mean_before,mean_after,mean_change,share_increased,dz,dz_ci_low,dz_ci_high,p,p_holm
1,01,Heart beats fast,124,1.4274193548387097,2.5725806451612905,1.1451612903225807,0.7338709677419355,1.1722197494608178,0.9418751995371737,1.3996570226618876,8.061078379863247e-17,8.867186217849572e-16
2,08,"Trembly, shaky",124,1.1290322580645162,1.8225806451612903,0.6935483870967742,0.47580645161290325,0.8003860205764038,0.5967462852571942,1.0015297953605413,9.541396697883206e-12,9.541396697883207e-11
3,18,"Breathing fast, shallow",124,1.1693548387096775,1.814516129032258,0.6451612903225806,0.5,0.769832812658008,0.5680751350597945,0.969147942892567,1.3191221914727298e-11,1.1872099723254568e-10
4,02,Muscles tense,124,1.5161290322580645,2.2580645161290325,0.7419354838709677,0.5483870967741935,0.7168968598800791,0.5182709864512308,0.9131809512017968,8.734327451363127e-11,6.987461961090502e-10
5,06,Dizzy,124,1.185483870967742,1.8387096774193548,0.6532258064516129,0.47580645161290325,0.7100911123961755,0.5118556914499582,0.9059984787923592,1.0490273983919781e-10,7.343191788743847e-10
6,12,Face hot,124,1.153225806451613,1.685483870967742,0.532258064516129,0.4032258064516129,0.6646855252052475,0.4689817961818971,0.8581573822143315,4.730319276795697e-10,2.838191566077418e-09
7,20,Butterflies in stomach,124,1.1774193548387097,1.7419354838709677,0.5645161290322581,0.41935483870967744,0.637384577692531,0.4431403303394885,0.8294586796346672,1.8660297734672798e-09,9.330148867336399e-09
8,21,Palms clammy,124,1.2016129032258065,1.7258064516129032,0.5241935483870968,0.3709677419354839,0.5966894922217441,0.40453052047038746,0.7867758248767911,1.0993466922372006e-08,4.397386768948802e-08
9,15,Throat dry,124,1.3225806451612903,1.7258064516129032,0.4032258064516129,0.3548387096774194,0.5429528104357971,0.3533764520937095,0.7305954150093853,5.010805546774861e-08,1.5032416640324582e-07
10,07,Muscles weak,124,1.217741935483871,1.6209677419354838,0.4032258064516129,0.3548387096774194,0.5204258083788738,0.3318724845904482,0.7071070232770749,3.733699612848137e-07,7.467399225696274e-07
11,14,Arms and legs stiff,124,1.2580645161290323,1.7419354838709677,0.4838709677419355,0.3709677419354839,0.5188665896373936,0.33038274706560833,0.7054826645042132,4.771716753909183e-07,7.467399225696274e-07
